,text,user_mentions,urls,hashtags
18,"RT @taegislut_: filo armys;

with every rt of this tweet, i will donate 1 peso to someone‚Äôs concert fund

i will leave this tweet up until‚Ä¶",taegislut_,,
91,"RT @magi_jay: I can see the headlines &amp; tweets in my head. . . . .""In Obama's post-presidency, both Barack and Michelle have chosen to rise‚Ä¶",magi_jay,,
97,"RT @IamRajii: Sorry that I disturbed the thread, 
Please read the below tweets as well. 

https://t.co/0MvwVscA8G",IamRajii,https://t.co/0MvwVscA8G,
113,"RT @MattyCoversATS: Retweet for my top-graded MLB play üî•üî•‚öæÔ∏è I will DM followers the play. 

After cashing top-graded Brewers +133 late last‚Ä¶",MattyCoversATS,,
213,"RT @jonskeet: Given the slew of recent ""I made this mistake when coding"" tweets: a couple of weeks ago, I forgot to write node=https://t.co‚Ä¶",jonskeet,,
242,RT @matthewamiller: Remember when Trump sent this tweet admitting he knew Flynn lied to the FBI &amp; Dowd had to scramble to claim he actually‚Ä¶,matthewamiller,,
305,Mamamoo is the real vocal queen. That‚Äôs it. That‚Äôs the tweet.,,,
312,RT @funder: Don‚Äôt retweet this video I found where Trump says he has RUSSIAN BUSINESS PARTNERS. Could mess up his golf swing. Trump literal‚Ä¶,funder,,
362,"RT @milkstickers: üíí GIVEAWAY üíí
To üéâ the opening of my store's Twitter account I'm holding a giveaway!

WINNER GETS:
‚Ä¢ Complete group set of‚Ä¶",milkstickers,,
394,@OliverMcGee @dak @RealCandaceO @kanyewest @therealroseanne @realDonaldTrump How did you stomach being on The Daily Show? Love your tweets!,"OliverMcGee,dak,RealCandaceO,kanyewest,therealroseanne,realDonaldTrump",,
415,"RT @katudekun: #Á∑ëË∞∑„Å®ÁàÜË±™„Åß„Çø„ÉÉ„Ç∞ÁÇπÁÅØ 
People of the English zone, please take a look at this tweetÔºÅÔºÅÔºÅÔºÅüôá‚Äç‚ôÇÔ∏èüôá‚Äç‚ôÇÔ∏èüôá‚Äç‚ôÇÔ∏èüôá‚Äç‚ôÇÔ∏èüí¶
„Åì„ÅÆ„Çø„Ç∞„Å´„Å§„ÅÑ„Å¶Êãô„ÅÑËã±Ë™û„ÅßË™¨Êòé„Åó„Åæ„Åó„Åü ÊÑèÂë≥„ÅØÈÄö„Åò„Çã„Å®ÊÄù‚Ä¶",katudekun,,Á∑ëË∞∑„Å®ÁàÜË±™„Åß„Çø„ÉÉ„Ç∞ÁÇπÁÅØ
428,@BillGlickYk @TheBabylonBee @CaseyMattox_ The GIGO twitter app!,"BillGlickYk,TheBabylonBee,CaseyMattox_",,
458,RT @helmsinki: I love Twitter and I worry for the users of Twitter https://t.co/twDArPk9Go,helmsinki,https://t.co/twDArPk9Go,
592,RT @IngrahamAngle: Why has @jack not taken this tweet down and suspended the account? https://t.co/NgVQLMEjDE,"IngrahamAngle,jack",https://t.co/NgVQLMEjDE,
611,"RT @TheRealHublife: POTUS sent out 6 tweets this AM.

I get notifications. 

If I click on each, it takes me to the tweet and I can read th‚Ä¶",TheRealHublife,,
620,The way I screamed at that tweet ü§£ü§£ü§£,,,
668,"RT @GeanineC: ***REMOVING THE SEARCH BAN FROM YOUR TWITTER ACCOUNT***

‚ùåShadowbanned?‚ùå

Well, we can't do much about the ""QFD Ban"" being pl‚Ä¶",GeanineC,,
678,"RT @Valyriana_art: [‚ú®RT &amp; Like to join the raffle! ‚ú®] 

Art raffle for my followers here on Twitter! üíï
Winner gets a chibi as seen on pic!‚Ä¶",Valyriana_art,,
688,"RT @Janice4Brexit: A first and a badge of honour, I was suspended from Twitter for 'hateful conduct'. My tweet on transgender was scientifi‚Ä¶",Janice4Brexit,,
689,"RT @HashtagRoundup: Your tweet is in @TwitterMoments @CanadaMoments on the Fun Tab! Check it out, like and retweet! @993WCJC @ricosuave60 @‚Ä¶","HashtagRoundup,TwitterMoments,CanadaMoments,993WCJC,ricosuave60",,
692,RT @BetteMidler: Always a pleasure to retweet the truth. https://t.co/ss71YznDbL,BetteMidler,https://t.co/ss71YznDbL,
729,RT @IamRajii: Nuetral Twitter users can go through and our technical experts shall explain you in case of any queries. We request you all t‚Ä¶,IamRajii,,
764,RT @shannonrwatts: Javier Manjarres recently tweeted at the father of a Parkland victim: ‚Äú...stop exploiting her death in the name of some‚Ä¶,shannonrwatts,,
897,"RT @1DVOT1NGTEAM: -VOTE ATTACK-

RETWEET IF YOU WANT AN OT4 REUNION 
RETWEET IF YOU WANT AN OT4 REUNION 
RETWEET IF YOU WANT AN OT4 REUNION‚Ä¶",1DVOT1NGTEAM,,
971,I saw you around before but for some reason I takut nak tweet you so I kinda... used the opportunity to do so durin‚Ä¶ https://t.co/oNDIG6GzTX,,https://t.co/oNDIG6GzTX,
988,RT @shannonrwatts: Javier Manjarres recently tweeted at the father of a Parkland victim: ‚Äú...stop exploiting her death in the name of some‚Ä¶,shannonrwatts,,
999,RT @funder: Whatever you do today don‚Äôt retweet this video of Paul Manafort saying he‚Äôs known @realDonaldTrump since the 80‚Äôs. It ruins his‚Ä¶,"funder,realDonaldTrump",,
1129,RT @LionelMedia: None of those Janus faced Hollywood traitors lifted a finger to defend @therealroseanne over her one tweet. That no one un‚Ä¶,"LionelMedia,therealroseanne",,
1139,"RT @LogPowerslave: I'm by no means trying to do anyone's job by tweeting this, I'm simply interested in the discussion.

Do you think that‚Ä¶",LogPowerslave,,
1145,"RT @qwertee: ""God Save the Queen"" is today's featured tee on https://t.co/pFoCm9SFPU ReTweet for a chance at a FREE TEE! https://t.co/fKzXa‚Ä¶",qwertee,https://t.co/pFoCm9SFPU,
1166,"Retweeted Hillary Clinton (@HillaryClinton):

We had our first annual @OnwardTogether members call yesterday. Thank‚Ä¶ https://t.co/YxQSpdsz3X","HillaryClinton,OnwardTogether",https://t.co/YxQSpdsz3X,
1204,"And the daily blocking of fake, spam, dating accounts continue. Hell FB is not this bad. @Twitter  really needs to crack down on these.",Twitter,,
1215,RT @matthewamiller: Remember when Trump sent this tweet admitting he knew Flynn lied to the FBI &amp; Dowd had to scramble to claim he actually‚Ä¶,matthewamiller,,
1245,RT @Mammagistweetin: @tintin_mars @POTUS Just send ALL of the obstructionists and those who deceive us to the #PitOfMisery! No Bud Light fo‚Ä¶,"Mammagistweetin,tintin_mars,POTUS",,PitOfMisery
1303,"RT @IamRajii: Being said that, we employees have tried our best possible to bring out the other side of story in Twitter about the #Sterlit‚Ä¶",IamRajii,,
1322,"RT @adibahnoor: My darlings,

Kalau u setuju dengan sesuatu tweet... just type.. ""i agree""... 

In the present tense.

Bukan ""i agreed"".

S‚Ä¶",adibahnoor,,
1382,"RT @J_Butt: #loveloud‚Å† ‚Å† with every retweet, $1 will be donated to the LGBTQ+ youth https://t.co/F7DS8uzanz",J_Butt,,loveloud
1406,RT @crammerforevs: Retweet this lucky pic of your Math teachers to remove the ‚ÄúBobo ka‚Äù curse and to pass the midterm exams. üòÇü§ôüèª https://t.‚Ä¶,crammerforevs,,
1463,"RT @IamRajii: I'm an year old employee of Sterlite copper.If I'm spending my weekend on Twitter to write about #STERLITE, it's not because‚Ä¶",IamRajii,,STERLITE
1524,"RT @JacobAWohl: In Germany, if you send out a tweet saying ""Radical Islam is not compatible with Western Civilization"" they will send you a‚Ä¶",JacobAWohl,,
1559,"RT @MsGrannyPHPromo: The night is not yet over! Keep on tweeting to promote the movie. 

Anyhow, thank you to all those who joined our twit‚Ä¶",MsGrannyPHPromo,,
1640,"RT @MarkDice: Jack, I read it.  How is hiring Dr. Patr√≠cia Rossini to examine 'civil discourse' on Twitter going to work when her tweets re‚Ä¶",MarkDice,,
1691,"RT @B_WITH_YOUU: ‚ú®EXO MY ANSWER RING GIVEAWAY‚ú®

üåé open worldwide 
üì£ retweet to join! open to my followers only so mbf me
üì¶ i will cover the‚Ä¶",B_WITH_YOUU,,
1727,"RT @coachmekat: To all the beautiful soul sisters of this group and of Twitter, a small reminder...
üå∑üíõüíúüíóüíôüíöüíñüíõüå∑

#HappyTuesday everyone‚ú®‚ú®‚ú®

M‚Ä¶",coachmekat,,HappyTuesday
1756,"RT @AucheyFranklinn: Please Retweet to spread the word about the disappearance of my beautiful, humble friend Teniya Jones who is currently‚Ä¶",AucheyFranklinn,,
1826,"ITEM 1: sweep the room for bugs.
ITEM 2: remind people that this meeting must not be leaked.
ITEM 3: check twitter‚Ä¶ https://t.co/SgJr84YjNE",,https://t.co/SgJr84YjNE,
1845,"RT @realAliTweets: Republicans have put the ENTIRE weight of the WH, the Senate and the House on the shoulders of Mueller - the man has not‚Ä¶",realAliTweets,,
1856,"RT @BeaschaeferBea: Please retweet &amp; vote daily for Kelly Monaco, Billy Miller, Sam &amp; Drew, &amp; Drew &amp; Curtis on the Weekly Countdown.  Poll‚Ä¶",BeaschaeferBea,,
1892,unironic tweet of the day: Stephen Colbert is one of my favorite people ever and his les moonves statement last nig‚Ä¶ https://t.co/owomsA4aJO,,https://t.co/owomsA4aJO,
1901,"RT @Amy_Siskind: While Trump tweets ‚ÄúCollusion is not a crime,‚Äù the first of two trials for his former 2016 campaign manager gets underway‚Ä¶",Amy_Siskind,,
1916,"RT @Tweetsfor45: One of the worst cases of child abuse in US history was done by an illegal. 

Juan Galindo raped and killed a 1 month old‚Ä¶",Tweetsfor45,,
1923,RT @sean_spicier: All these liberals tweeting support of the Koch Bros today should be sweet to watch,sean_spicier,,
1979,RT @DeLeGreed: @TwitterSupport ADD THE FUCKING EDIT BUTTON ALRDY!!!!!!!!!!!!!!!!!!!!!!!!!!!!!!!!!!!!!!!!!!!!!!!!!!!!!!!!!!!!!!!!!!!!!!!!!!!‚Ä¶,"DeLeGreed,TwitterSupport",,
2035,RT @funder: Don‚Äôt retweet this video I found where Trump says he has RUSSIAN BUSINESS PARTNERS. Could mess up his golf swing. Trump literal‚Ä¶,funder,,
2052,RT @MCU_Tweets: A portion of the AVENGERS: INFINITY WAR blooper reel has released and it's sure to put a smile on your face: https://t.co/3‚Ä¶,MCU_Tweets,,
2177,"RT @shakespeers: Hei. . . Quiin Shephard It's here, looking for friends, so hit the retweet button, thank you peeps! https://t.co/CexddE2Iit",shakespeers,,
2178,"RT @Jessdaisy: Can't. Too busy forgetting the best fucking tweets, and just writing some smutty shit, with a bunch of foul language, to mak‚Ä¶",Jessdaisy,,
2191,RT @Wiseguy_Wes: ‚ÄúBig dick energy‚Äù is one of the corniest things to hit twitter. Lol,Wiseguy_Wes,,
2225,RT @EUVoteLeave23rd: SOME SCUM that want to be FAMOUS. I‚Äôm sure we can all HELP them out! #RETWEET &amp; make there dreams come true. Here we c‚Ä¶,EUVoteLeave23rd,,RETWEET
2233,@carlpplh Thanks for following us on Twitter. Why not download the app? iOS at https://t.co/X39DSgTugI &amp; Android at https://t.co/g7BB0B45Vm,carlpplh,"https://t.co/X39DSgTugI,https://t.co/g7BB0B45Vm",
2330,"RT @Amy_Siskind: While Trump tweets ‚ÄúCollusion is not a crime,‚Äù the first of two trials for his former 2016 campaign manager gets underway‚Ä¶",Amy_Siskind,,
2408,RT @BeeNasty_: I tweet for the girls that keep that black ‚Äúoffice sweater‚Äù on the back of their chair because they keep the thermostat on A‚Ä¶,BeeNasty_,,
2460,this is the answer to all the ‚Äúwho is jahaad‚Äù tweets https://t.co/3XnWtC04bM,,https://t.co/3XnWtC04bM,
2500,RT @LauraLoomer: Rebekah Tromble is the woman who was just hired by @jack to be in charge of Twitter‚Äôs 'task force' on 'uncivil discourse'.‚Ä¶,"LauraLoomer,jack",,
2510,"RT @RealJamesWoods: If there were a competing social media platform as big as @Twitter, that had no ‚Äúbias algorithms,‚Äù I firmly believe tha‚Ä¶","RealJamesWoods,Twitter",,
2535,"RT @GeanineC: The ""Search Ban"" is what keeps your Twitter account from being searchable on the Twitter search bar. Even your followers may‚Ä¶",GeanineC,,
2558,"RT @ajcbullock: Joining the party and
Hoping that we all survive the attack on our democracy  #FBRparty.

Please:  
1 Like 
2 Retweet or Re‚Ä¶",ajcbullock,,FBRparty
2559,"RT @kucoincom: We are launching a new promotion with @DACCblockchain! 2 BTC in total rewards!

1. Follow @kucoincom and retweet this post
2‚Ä¶","kucoincom,DACCblockchain,kucoincom",,
2594,@Edrick707 @people Am I the one sitting here spewing hate under every single tweet?,"Edrick707,people",,
2616,"RT @Tweetsfor45: One of the worst cases of child abuse in US history was done by an illegal. 

Juan Galindo raped and killed a 1 month old‚Ä¶",Tweetsfor45,,
2620,"RT @Cernovich: Trea Turner's Tweets
- 2011 to 2012
- he was in high school
- some bad jokes

James Gunn's Tweets
- 2009 to 2012
- over 10,0‚Ä¶",Cernovich,,
2640,"RT @r_little_finger: Retweet if you are ready for
@realDonaldTrump to shut down the government to.....

PROTECT AMERICA, BUILD THE WALL.","r_little_finger,realDonaldTrump",,
2679,@NickatFP The most talked about car company on fintwitter or cars normies talk about?,NickatFP,,
2785,RT @ComradeStar: I expect my timeline to be at least 50% tweets on my timeline to be about spreading information regarding the anti-nazi ra‚Ä¶,ComradeStar,,
2791,@JackPosobiec Sounds like the attitude held by @Twitter and @jack,"JackPosobiec,Twitter,jack",,
2794,"RT @Amy_Siskind: While Trump tweets ‚ÄúCollusion is not a crime,‚Äù the first of two trials for his former 2016 campaign manager gets underway‚Ä¶",Amy_Siskind,,
2857,@MyTweetsLie thats the only thing about the Springfield but my Glock hold 17,MyTweetsLie,,
2860,@DemWrite @joncoopertweets No. Just no. No no no no no. The @GOP is owned and blackmailed by Trump. Vote Dem then r‚Ä¶ https://t.co/xAcnzlNSSy,"DemWrite,joncoopertweets,GOP",https://t.co/xAcnzlNSSy,
2886,"RT @Slindo_M: Twitter has opened my mind in so many ways. It‚Äôs informative,I‚Äôm constantly learning. I‚Äôm glad that I can also share the thin‚Ä¶",Slindo_M,,
2899,"RT @RealJamesWoods: If there were a competing social media platform as big as @Twitter, that had no ‚Äúbias algorithms,‚Äù I firmly believe tha‚Ä¶","RealJamesWoods,Twitter",,
2987,RT @MarkDice: Conservatives need to be more active on Twitter.  Don't just read.  Reply.  Fill fake news outlet's threads with facts.  Expo‚Ä¶,MarkDice,,
2993,"RT @RealJamesWoods: If there were a competing social media platform as big as @Twitter, that had no ‚Äúbias algorithms,‚Äù I firmly believe tha‚Ä¶","RealJamesWoods,Twitter",,
2996,@SiLeeGPNI just noticed he blocked me long after I accused his twitter of being possessed by the devil https://t.co/FbZTKOZZzV,SiLeeGPNI,,
2998,"RT @OffGridMedia: New Twitter ‚ÄúHate Speech‚Äù Chief is a Trump-Hating Leftist https://t.co/jY2jndt7RE  @realalexjones

The Board of Directors‚Ä¶","OffGridMedia,RealAlexJones",https://t.co/jY2jndt7RE,
3006,"RT @IamRajii: I'm an year old employee of Sterlite copper.If I'm spending my weekend on Twitter to write about #STERLITE, it's not because‚Ä¶",IamRajii,,STERLITE
3024,RT @soriety: @ twitter please for the love of God let me disable both 'this person liked this' posts and your own likes going into your fri‚Ä¶,soriety,,
3145,"Looks like the Twitter Sheriff got me! Eventually, I will ride off into the sunset! Jesus Christ remains forever!‚Ä¶ https://t.co/I59T7r5EEV",,https://t.co/I59T7r5EEV,
3169,"RT @princemarkachu: ‚ú®HELP RT‚ú® 

üçí RT this tweet!
üçí Ticket check (1 ticket per pc)
üçí More details on the photo! 

Show some support!! ‚ò∫Ô∏è‚ô•Ô∏è‚ú®‚Ä¶",princemarkachu,,
3184,RT @funder: Don‚Äôt retweet this video I found where Trump says he has RUSSIAN BUSINESS PARTNERS. Could mess up his golf swing. Trump literal‚Ä¶,funder,,
3245,"The amount of female dancehall artistes that twitter hype up to be ‚Äúthe next best thing‚Äù 

Wonder who‚Äôs on the agenda for 2019",,,
3257,"RT @claudejpeg: [ GAEMISOVER MEMBER ONLY ] 

Claude mau bikin keluarga the sims baru ada yang mau dimasukin chara-nya? Retweet ya. 2 cewe s‚Ä¶",claudejpeg,,
3285,"RT @1DPromoVoting: üî¥ VOTE TWEET ATTACK : ONE üî¥

GOAL: TWO HUNDRED RTS &amp; ONE HUNDRED REPLIES

- RT &amp; FOLLOW EVERYONE WHO RTS
- REPLY WITH TH‚Ä¶",1DPromoVoting,,
3376,"RT @Omojuwa: Before you join some arguments on Twitter, you gotta reflect. Who are the people involved? What is their frame of reference? I‚Ä¶",Omojuwa,,
3389,"Seems like Carole Codwallop‚Äôs meltdown is complete, but she‚Äôs deleted the tweet.  What‚Äôs the dealio anyone? https://t.co/nhDZgIgNlL",,,
3424,RT @Wiseguy_Wes: ‚ÄúBig dick energy‚Äù is one of the corniest things to hit twitter. Lol,Wiseguy_Wes,,
3431,"RT @EnjoyInterNews: #Inter battles: 

üîÅ Retweet, if you think the defense is better this season
‚ù§Ô∏è Like, if you prefer the defense from las‚Ä¶",EnjoyInterNews,,Inter
3442,"RT @Teri_Kanefield: If you‚Äôre just coming into twitter for the day, here‚Äôs my thread linking the Trump-Cohen-National Inquirer debacle to #‚Ä¶",Teri_Kanefield,,
3499,Can‚Äôt deal wi politically correct / by the book tweets by some fans just for likes üí§üí§üí§ #swfc,,,swfc
3543,"RT @CianWednesDay: Irish twitter;

I went to the shop and got soaked 

1 like 0 retweets

Scottish twitter ;

Ayy donkey i wint tae the sho‚Ä¶",CianWednesDay,,
3586,RT @IngrahamAngle: Why has @jack not taken this tweet down and suspended the account? https://t.co/NgVQLMEjDE,"IngrahamAngle,jack",https://t.co/NgVQLMEjDE,
3588,"RT @TheLoyalO: 11,000 newly published Twitter direct messages make clear that Russian intelligence front Wikileaks wanted Trump to win the‚Ä¶",TheLoyalO,,
3630,"RT @georgiedent: Please consider this. A woman lost her job for tweeting about abortion. 

A senior police officer forced a woman into hidi‚Ä¶",georgiedent,,
3646,"RT @getongab: To Twitter CEO @jack: NEVER, EVER THREATEN THE VOICE OF THE PEOPLE AGAIN OR YOU WILL SUFFER CONSEQUENCES THE LIKES OF WHICH F‚Ä¶","getongab,jack",,
3668,RT @flywithkamala: Retweet if you love The Obamas and miss having them in the White House! https://t.co/U6kMKEG5yd,flywithkamala,,
3731,"RT @RaineyOvalle: Niggas is really under this tweet like, ‚ÄúNot to be homophobic, but‚Äî‚Äú bitch, he JUST found out his mom died during the fuc‚Ä¶",RaineyOvalle,,
3777,RT @garcysward: I cant remember the last time I woke up without opening twitter and checking for #timeless news. I think it was in March #s‚Ä¶,garcysward,,timeless
3778,"RT @r_little_finger: Notice how Twitters Quality Filter never blocks

Porn
Pedophilia
Liberal hate speech 
Graphic violence
Scams
Terrorist‚Ä¶",r_little_finger,,
3802,@Subharanjan_ Hmm. We can only help the account's owner in recovery. Have them reach out to us on Twitter or post t‚Ä¶ https://t.co/FFVpoESZB4,Subharanjan_,https://t.co/FFVpoESZB4,
3874,RT @aljwhite: a great tweet from the man who reportedly masterminded a genius plot to subvert British democracy https://t.co/WmVsbQ5Gtk,aljwhite,,
3894,RT @ujfm: TRENDING ON TWITTER : #StopTheTaxAttack  The Freedom movement inclusive and others are demonstrating outside Treasury in Pretoria‚Ä¶,ujfm,,StopTheTaxAttack
3945,"RT @Quotatis: Quick, there's still time to enter our July #competition! Follow and retweet for the chance to #win this beautiful garden par‚Ä¶",Quotatis,,"competition,win"
3981,"RT @Amy_Siskind: While Trump tweets ‚ÄúCollusion is not a crime,‚Äù the first of two trials for his former 2016 campaign manager gets underway‚Ä¶",Amy_Siskind,,
4081,"RT @wannaonce_08: Is JYPE the best entertainment in the big three?

Like for no
Retweet for yes

Im proving a point here.

Don‚Äôt comment ba‚Ä¶",wannaonce_08,,
4193,"RT @MayWardOfficial: Keep the fresh tweets coming! 

DreamTourBaguio Sept14

@maymayentrata07 @Barber_Edward_","MayWardOfficial,maymayentrata07,Barber_Edward_",,
4230,"Twitter ENGINEERS discussing how they weed out what they refer to as ""rednecks"" people who are Trump supporters, 2n‚Ä¶ https://t.co/opjZoQuvFV",,https://t.co/opjZoQuvFV,
4234,"RT @itwagira: Retweeted MPOZE Theo (@TheoMpoze):

Tensions between #Rwanda and #Uganda:
As a #TroublesMaker of the #AfricanGreatLakesRegion‚Ä¶","itwagira,TheoMpoze",,"Rwanda,Uganda,TroublesMaker,AfricanGreatLakesRegion"
4253,"RT @mitchellvii: I have seen Conservative Twitter users with 140,000 followers lose their entire accounts over ""aggressive following"" (what‚Ä¶",mitchellvii,,
4275,"RT @winstonCovfefe: Twitter just posed QF ban on many conservatives and Pres Trump has tweeted re. this issue.
Pls do your test with the te‚Ä¶",winstonCovfefe,,
4308,"@realDonaldTrump Thank you!!! Finally!! 
This Tweet, alone, proves that your tax cuts and judicial picks (among oth‚Ä¶ https://t.co/GRKyxSTPp9",realDonaldTrump,https://t.co/GRKyxSTPp9,
4323,"RT @markowenmartin: Yeah, there are things on Twitter that are overly angry, unfair, simplistic, nasty, and mob-by. But I have made good fr‚Ä¶",markowenmartin,,
4373,RT @funder: Don‚Äôt retweet this video I found where Trump says he has RUSSIAN BUSINESS PARTNERS. Could mess up his golf swing. Trump literal‚Ä¶,funder,,
4393,RT @matthewamiller: Remember when Trump sent this tweet admitting he knew Flynn lied to the FBI &amp; Dowd had to scramble to claim he actually‚Ä¶,matthewamiller,,
4472,@fxtndh What does the last part of your tweet say?,fxtndh,,
4498,RT @TaxReformExpert: Retweet if you believe President Trump is the greatest President in history!,TaxReformExpert,,
4539,RT @RZaichkowski: Why is #BikeTO trending on Twitter this morning? This @CBCToronto article by @LaurenPelley revealed 80% of Toronto reside‚Ä¶,"RZaichkowski,CBCToronto,LaurenPelley",,BikeTO
4614,RT @shannonrwatts: Javier Manjarres recently tweeted at the father of a Parkland victim: ‚Äú...stop exploiting her death in the name of some‚Ä¶,shannonrwatts,,
4652,"RT @Ethano_PWR: With the Swap completed, let's hold a #PWR contest! Like, Retweet this post and follow @Ethano_PWR and @pwr_coin for a chan‚Ä¶","Ethano_PWR,Ethano_PWR,pwr_coin",,PWR
4653,"RT @dailyunnie: I'm only sharing this so that everyone is aware, &amp; on the same page. PLEASE Do NOT start a hashtag, or tag them in tweets r‚Ä¶",dailyunnie,,
4706,@MaxFineDay I had only seen your first tweet before and not the rest of the thread. So powerful. Thank you. I want‚Ä¶ https://t.co/sBy3vkDglw,MaxFineDay,https://t.co/sBy3vkDglw,
4759,"RT @TweetYourBooks: Gladiators fought to the death in ancient Rome.
The Holy Inquisition burned heretics at the stake.
That sort of enterta‚Ä¶",TweetYourBooks,,
4781,RT @AnythingLFC_: Retweet if you love the 3rd kit ‚ù§ #LFC https://t.co/1Sp0D40tn0,AnythingLFC_,,LFC
4791,"RT @AmyKremer: President Trump tweeted yesterday that the Press is the #EnemyofThePeople. Do you agree? If so, why?

Pls vote and RT.",AmyKremer,,EnemyofThePeople
4839,"RT @r_little_finger: Notice how Twitters Quality Filter never blocks

Porn
Pedophilia
Liberal hate speech 
Graphic violence
Scams
Terrorist‚Ä¶",r_little_finger,,
4874,"@ODMP Retweeting to honor the lives, service and sacrifice of these officers.",ODMP,,
4894,RT @AaronBlake: Journalists dunking on authoritarian regimes is the best Twitter https://t.co/z4TgQI6ftT,AaronBlake,https://t.co/z4TgQI6ftT,
4983,RT @cgm_mh_bsnl: Note the Time Friends! I shall be live on 4 th August 2018 from 1200 to 1300 hrs! Tweet to me your suggestions and queries‚Ä¶,cgm_mh_bsnl,,
5011,RT @firelightoxe: I really wanna follow the most savage and mean BBH stans on Twitter because I want seeing them draggin' all the idiots wh‚Ä¶,firelightoxe,,
5088,"RT @1DPromoVoting: üî¥ VOTE TWEET ATTACK : THREE üî¥

GOAL: TWO HUNDRED RTS &amp; ONE HUNDRED REPLIES

- RT &amp; FOLLOW EVERYONE WHO RTS
- REPLY WITH‚Ä¶",1DPromoVoting,,
5089,"RT @Omojuwa: Before you join some arguments on Twitter, you gotta reflect. Who are the people involved? What is their frame of reference? I‚Ä¶",Omojuwa,,
5173,"RT @joncoopertweets: You won‚Äôt find ‚Äúrub out‚Äù or ‚Äúwhack‚Äù in the criminal code, but ‚Äúmurder‚Äù is a crime nonetheless. Ditto with ‚Äúcollusion.‚Äù‚Ä¶",joncoopertweets,,
5179,@vladaoxo funny as girl u played this uhc with allie on paragon and they retweeted the Shit you guys did and though‚Ä¶ https://t.co/QXeGKBPmH8,vladaoxo,https://t.co/QXeGKBPmH8,
5180,RT @HERTWEETX: u can‚Äôt get mad at ppl for treating u badly if u keep allowing them to. u don‚Äôt like something? draw the line. but every tim‚Ä¶,HERTWEETX,,
5190,RT @FootbaIl_Tweets: When Demarcus Ware changed the whole game w a fake spin move https://t.co/5W1wM07vvc,FootbaIl_Tweets,,
5204,RT @mashable: Someone from 'The Office' actually responded to this Netflix tweet about 'The Office' https://t.co/8qBJZ1bCHu https://t.co/vJ‚Ä¶,mashable,https://t.co/8qBJZ1bCHu,
5250,"So now the contest is over so here's an entry from my friend Annika, who is not on Twitter, with some rly cool deet‚Ä¶ https://t.co/79Qrx2HDzi",,https://t.co/79Qrx2HDzi,
5304,@AndyHowarth5 just a quick tweet to wish you a great Tuesday afternoon and a great rest of the week,AndyHowarth5,,
5317,RT @TwitterMoments: Ricky Martin is officially off the market! https://t.co/jS2PhqtOxn,TwitterMoments,https://t.co/jS2PhqtOxn,
5354,"@Seb479 @sass_on_fire @TwitterMoments @HuffPost In the fashion industry, there are already huge biases against blac‚Ä¶ https://t.co/fsYHe0a6PE","Seb479,sass_on_fire,TwitterMoments,HuffPost",https://t.co/fsYHe0a6PE,
5379,RT @Wiseguy_Wes: ‚ÄúBig dick energy‚Äù is one of the corniest things to hit twitter. Lol,Wiseguy_Wes,,
5396,RT @1ShawnT: Twitter deleted my video so here I am posting it again for the CULTURE https://t.co/GaDI0T2jEZ,1ShawnT,,
5424,RT @denise39deer: Hey @jack ! YOU DON'T REALLY BELIEVE THAT TWITTER IS THE ONLY WAY PATRIOTS HAVE TOO SPREAD THE TRUTH ! NAH WE HAVE THE PR‚Ä¶,"denise39deer,jack",,
5451,"RT @_ImperatorRex_: Everyone, be on the lookout for a fraudulent twitter account. It's the one person (a guy) using TWO accounts. He appear‚Ä¶",_ImperatorRex_,,
5453,@The_Green_City And please ask everyone to RETWEET the thread and Share it everywhere. Simply clicking like is fine‚Ä¶ https://t.co/bcA2PUFy3I,The_Green_City,https://t.co/bcA2PUFy3I,
5463,RT @ComradeStar: I expect my timeline to be at least 50% tweets on my timeline to be about spreading information regarding the anti-nazi ra‚Ä¶,ComradeStar,,
5469,RT @btweet2all: @dijoni @suede_santoro Straight Up! We need to stop mincing words and speak our truth. I‚Äôm tired of being silenced and aske‚Ä¶,"btweet2all,dijoni,suede_santoro",,
5488,"RT @mitchellvii: I have seen Conservative Twitter users with 140,000 followers lose their entire accounts over ""aggressive following"" (what‚Ä¶",mitchellvii,,
5490,"@sumodkuhar Hi Sumod. Thanks for your Tweet. Kindly send us your contact info using the link below, so we can see w‚Ä¶ https://t.co/U09IxEKqUM",sumodkuhar,https://t.co/U09IxEKqUM,
5518,RT @TerrorIV: Guys please help me make 2018 my break through year please retweet this till it lands in the right hands https://t.co/u95etC8‚Ä¶,TerrorIV,,
5548,"RT @Steffs_tweets: Michigan - Vote John James for Senate
Endorsed by President Trump!
He will work to Make Michigan Great Again!
Only a few‚Ä¶",Steffs_tweets,,
5557,"RT @TheLoyalO: 11,000 newly published Twitter direct messages make clear that Russian intelligence front Wikileaks wanted Trump to win the‚Ä¶",TheLoyalO,,
5592,RT @THESUGARDAD1: To make it fair. I will take into consideration the first 10 thousand people to retweet for $1k to 10 people. I will dm y‚Ä¶,THESUGARDAD1,,
5606,i quoted the wrONG TWEET.,,,
5608,"RT @rocketravager: I don‚Äôt support James Gunn‚Äôs tweets but I DO support the gotg cast standing beside him. They‚Äôre his friends, they know m‚Ä¶",rocketravager,,
5623,@andrea_r After I replied I saw your RT of that (I've got you in a not very populated column in Tweetdeck so your s‚Ä¶ https://t.co/QYdCnT9gqu,andrea_r,https://t.co/QYdCnT9gqu,
5646,"RT @trevorprosper: Hello! Follow the first 200 to Retweet/Like

#GainWithTrevor",trevorprosper,,GainWithTrevor
5652,"RT @MAINEnatics_BU: We all love @mainedcm as much as #InsideShowbizLovesMaine üíõ

We are still trending at Number 2 with 111k tweets. Keep t‚Ä¶","MAINEnatics_BU,mainedcm",,InsideShowbizLovesMaine
5701,@mybloodyritual True. The tired Ashanti jokes with Jlo and you already know how black twitter is with Tay,mybloodyritual,,
5705,"RT @GrrrGraphics: Your #MondayMotivation #BenGarrison #cartoon #Twitter Controlling the Conversation-
  #Jack #StopCensorship of #FreeSpeec‚Ä¶",GrrrGraphics,,"MondayMotivation,BenGarrison,cartoon,Twitter,Jack,StopCensorship"
5781,"RT @Omojuwa: Before you join some arguments on Twitter, you gotta reflect. Who are the people involved? What is their frame of reference? I‚Ä¶",Omojuwa,,
5874,"RT @1DPromoVoting: üî¥ VOTE TWEET ATTACK : FOUR üî¥

GOAL: TWO HUNDRED RTS &amp; ONE HUNDRED REPLIES

- RT &amp; FOLLOW EVERYONE WHO RTS
- REPLY WITH T‚Ä¶",1DPromoVoting,,
5898,tyler's first tweet is gonna be him thanking us for the play button,,,
5929,"RT @ProfKumi: ""British people have no culture, always taking our slang and shit"" The American tweeted...in English.",ProfKumi,,
5996,"RT @B_WITH_YOUU: ‚ú®EXO MY ANSWER RING GIVEAWAY‚ú®

üåé open worldwide 
üì£ retweet to join! open to my followers only so mbf me
üì¶ i will cover the‚Ä¶",B_WITH_YOUU,,
6001,"RT @josh_emerson: We have asked every social media platform for months now to take action @Reddit, @facebook, @Twitter will only do somethi‚Ä¶","josh_emerson,reddit,facebook,Twitter",,
6023,RT @DXRacerEurope: Retweet &amp; follow @DXRacerEurope &amp; @Xtrfy for a chance to get the ultimate NIP-package from both DXRacer &amp; Xtrfy! https:/‚Ä¶,"DXRacerEurope,DXRacerEurope,Xtrfy",,
6053,RT @MEOWJUNE: PLEASE LABEL YOUR SHIRTS WITH YOUR TWITTER USERNAME AT THE VENUE HAHHAHAHHAHHHA https://t.co/QK6Dn04ZKT,MEOWJUNE,https://t.co/QK6Dn04ZKT,
6080,"gifted (2017) starring chris evans and mckenna grace. thats it, thats the tweet https://t.co/NdHgqAG1qu",,https://t.co/NdHgqAG1qu,
6095,"RT @Amy_Siskind: While Trump tweets ‚ÄúCollusion is not a crime,‚Äù the first of two trials for his former 2016 campaign manager gets underway‚Ä¶",Amy_Siskind,,
6106,"RT @_nanoyaro: Thanks to one of the @snackurai's tweets that made me want to draw this comic strip.
#hypnosismic #samatoki #ichiro https://‚Ä¶","_nanoyaro,snackurai",,"hypnosismic,samatoki,ichiro"
6120,@EmilyLee22 I was about to tweet the same thing lol,EmilyLee22,,
6169,"RT @petergarrett: ""Michaelia Cash"" has been trending number one on Australian twitter for hours - has @abcnews even so much as mentioned th‚Ä¶","petergarrett,abcnews",,
6191,"RT @TweetPotato314: The person in charge of a microbrewery is called the hoperations manager, and I can barley believe it.",TweetPotato314,,
6197,"RT @ennanore11: _ONE DAY_

üîπ57üîπ 

-retweet- 

Reminder: This is a pure fiction. 

(Credits to the rightful owner) https://t.co/WAvmEqNsdQ",ennanore11,,
6228,"RT @kucoincom: We are launching a new promotion with @DACCblockchain! 2 BTC in total rewards!

1. Follow @kucoincom and retweet this post
2‚Ä¶","kucoincom,DACCblockchain,kucoincom",,
6276,"RT @JackPosobiec: Twitter is great but Instagram has the energy these days

https://t.co/zxnMlg6rbE",JackPosobiec,https://t.co/zxnMlg6rbE,
6301,"Retweeted Naveed Bey (@Seditious_medic):

At least 4 million Indian Muslims from Assam could be heading towards Ban‚Ä¶ https://t.co/RBKvBT0gpS",Seditious_medic,https://t.co/RBKvBT0gpS,
6379,"RT @taegislut_: filo armys;

with every rt of this tweet, i will donate 1 peso to someone‚Äôs concert fund

i will leave this tweet up until‚Ä¶",taegislut_,,
6380,"RT @GrrrGraphics: Your #MondayMotivation #BenGarrison #cartoon #Twitter Controlling the Conversation-
  #Jack #StopCensorship of #FreeSpeec‚Ä¶",GrrrGraphics,,"MondayMotivation,BenGarrison,cartoon,Twitter,Jack,StopCensorship"
6483,i‚Äôm sorry if you witnessed the disaster of me repeatedly tweeting and deleting cuz i realised i spelt an @ wrong dkshskshsjs,,,
6529,"RT @IL0VEthe80s: 31 years ago today on 31 July 1987 'The Lost Boys' movie was first released.

Retweet and Like if you agree that it is an‚Ä¶",IL0VEthe80s,,
6605,"RT @AmyKremer: President Trump tweeted yesterday that the Press is the #EnemyofThePeople. Do you agree? If so, why?

Pls vote and RT.",AmyKremer,,EnemyofThePeople
6620,"RT @michellemalkin: Twitter punished one of the sharpest, sweetest conservative gals on social media for her opinions. @katmckinley tells h‚Ä¶","michellemalkin,KatMcKinley",,
6638,RT @grandmakimmi: @Steffs_tweets @StevenRCorey1 It‚Äôs so important that we get out and vote. The democrats want to impeach the president and‚Ä¶,"grandmakimmi,Steffs_tweets,StevenRCorey1",,
6646,"RT @_ImperatorRex_: It's obvious that @twitter has throttled my account.

Especially since I exposed the hypocrisy of their NewSpeak projec‚Ä¶","_ImperatorRex_,Twitter",,
6691,"RT @JackPosobiec: Twitter is great but Instagram has the energy these days

https://t.co/zxnMlg6rbE",JackPosobiec,https://t.co/zxnMlg6rbE,
6761,@Tweetronzi0 @KingJames @IPROMISESchool @KidRock @Lindor12BC @FloydMayweather The Aroldis Chapman center for victims of domestic abuse,"Tweetronzi0,KingJames,IPROMISESchool,KidRock,Lindor12BC,FloydMayweather",,
6812,that moment when you make a fake team page on twitter claiming to have me in the lineup just because you lost in a‚Ä¶ https://t.co/Cfav9J6IiM,,https://t.co/Cfav9J6IiM,
6841,"RT @IL0VEthe80s: 31 years ago today on 31 July 1987 'The Lost Boys' movie was first released.

Retweet and Like if you agree that it is an‚Ä¶",IL0VEthe80s,,
6880,"RT @DiskiBattles: #Throwback to when @OupaManyisa20 found the back of the net from close to the half-way line!üöÄ

RETWEET if you remember th‚Ä¶","DiskiBattles,OupaManyisa20",,Throwback
6892,@Wayne_Swiss @JoshPNamm @MiakaKuroishi @RealJamesWoods @Twitter @jack Says Wayne from Switzerland. Where your peopl‚Ä¶ https://t.co/yHU1Vf8sXW,"Wayne_Swiss,JoshPNamm,MiakaKuroishi,RealJamesWoods,Twitter,jack",https://t.co/yHU1Vf8sXW,
6919,"RT @aaronjcarpenter: PLEASE SHARE!

Twitter is doing everything in its power to silence conservative voices before an extremely important 2‚Ä¶",aaronjcarpenter,,
6977,"i feel like i have tweeted a lot these past few days.. 

me thinks it‚Äôs bc the audition is lowkey freaking me out a‚Ä¶ https://t.co/jdx1h2DISC",,https://t.co/jdx1h2DISC,
7074,RT @imrealsugardad: Retweet this if you're under the age of 25 and would like $500.,imrealsugardad,,
7079,"RT @joncoopertweets: You won‚Äôt find ‚Äúrub out‚Äù or ‚Äúwhack‚Äù in the criminal code, but ‚Äúmurder‚Äù is a crime nonetheless. Ditto with ‚Äúcollusion.‚Äù‚Ä¶",joncoopertweets,,
7102,"Starting today and until... whenever, all tweets will be carnival related! Tonight all roads lead to Tuesday on the Rocks with Kes the Band!",,,
7164,RT @JogueinaSEP: o kibe no twitter ta tao fora de controle q vc ve a mesma piada em 30 conta diferente e ai vc precisa decidir em qual dess‚Ä¶,JogueinaSEP,,
7201,RT @MrsMalindo: @PatriotMarie This is our President @realDonaldTrump. He needs our support to build the wall. Tweet out to him that we supp‚Ä¶,"MrsMalindo,PatriotMarie,realDonaldTrump",,
7219,"RT @RealJamesWoods: If there were a competing social media platform as big as @Twitter, that had no ‚Äúbias algorithms,‚Äù I firmly believe tha‚Ä¶","RealJamesWoods,Twitter",,
7235,"RT @krassenstein: People often ask me why I tweet dozens of times a day, 7 days a week against the President and for a morally just society‚Ä¶",krassenstein,,
7250,"RT @Shakestweetz: Case in point, at the intersection of nativism and Christian supremacy: This is how much the Trump Regime actually gives‚Ä¶",Shakestweetz,,
7335,"RT @Tweetsfor45: One of the worst cases of child abuse in US history was done by an illegal. 

Juan Galindo raped and killed a 1 month old‚Ä¶",Tweetsfor45,,
7366,"RT @AmyKremer: President Trump tweeted yesterday that the Press is the #EnemyofThePeople. Do you agree? If so, why?

Pls vote and RT.",AmyKremer,,EnemyofThePeople
7375,RT @state_21: At this point... Throw the whole damn ASU away #ASUTwitter,state_21,,ASUTwitter
7419,"RT @Trumptweets2020: UNFAIR to call me out for LYING!
I NEVER lie!
I RESPECT facts SO much that I make them up ALL the time!
Media not even‚Ä¶",Trumptweets2020,,
7551,**ALSO REVEAL IF U DM ME THE TWEET THAT REFERS TO U AND UR RIGHT lol,,,
7556,"RT @Quotatis: Quick, there's still time to enter our July #competition! Follow and retweet for the chance to #win this beautiful garden par‚Ä¶",Quotatis,,"competition,win"
7558,RT @JogueinaSEP: o kibe no twitter ta tao fora de controle q vc ve a mesma piada em 30 conta diferente e ai vc precisa decidir em qual dess‚Ä¶,JogueinaSEP,,
7563,"RT @adibahnoor: My darlings,

Kalau u setuju dengan sesuatu tweet... just type.. ""i agree""... 

In the present tense.

Bukan ""i agreed"".

S‚Ä¶",adibahnoor,,
7576,RT @Wiseguy_Wes: ‚ÄúBig dick energy‚Äù is one of the corniest things to hit twitter. Lol,Wiseguy_Wes,,
7596,RT @badrepseokjin: #.heartsforjinday is cancelled for August 1 out of respect. Please don't tweet anything with the hashtag. We're postponi‚Ä¶,badrepseokjin,,
7625,"RT @LucarioOcarina: ""Hey, the Twitter logo kinda looks like Sonic upside-down!""

Me, an intellectual: https://t.co/5vSHeAy8BW",LucarioOcarina,,
7646,Mental how rapid Scottish twitter brands people sex offenders for eating somethin out the norm üòÇüòÇ,,,
7665,"RT @LifeAtBagEnd: Let's bring the middle earth fandom together üíï

~ Retweet if you love middle earth
~ Follow everyone who retweets (includ‚Ä¶",LifeAtBagEnd,,
7676,RT @wrongstark: a visual representation of the marvel stan twitter as soon as a4 comes out https://t.co/RNFUqsqp1P,wrongstark,,
7697,@MandaScott @drsdrs20172017 1) The truth is not libellous. 2) An anonymous Twitter account cannot be libelled. 3) You're an idiot. üëç,"MandaScott,drsdrs20172017",,
7827,"RT @208actor: The Koch brothers, the Murdoch Brothers, Zuckerberg, Twitter, Facebook just to name a few, are all globalists intent on bring‚Ä¶",208actor,,
7867,RT @IngrahamAngle: Why has @jack not taken this tweet down and suspended the account? https://t.co/NgVQLMEjDE,"IngrahamAngle,jack",https://t.co/NgVQLMEjDE,
7898,RT @OliverMcGee: I love when I wake up in the morning and @realDonaldTrump is still @POTUS inside our @WhiteHouse! Retweet if you‚Äôre Lovin‚Äô‚Ä¶,"OliverMcGee,realDonaldTrump,POTUS,WhiteHouse",,
7914,"RT @qwertee: ""Save the Arctic"" for just 12hr more on https://t.co/PrRul7wbSk ReTweet for chance at FREE TEE! https://t.co/P8YWKXx4AK",qwertee,https://t.co/PrRul7wbSk,
7922,"12. Literally, my last text is twitter texting me the code because i forgot the password to one of my accounts lol",,,
7934,RT @TomFitton: Twitter tries to disappear conservatives. So @Twitter shadowbanned me even though I've been tweeted out repeatedly by @RealD‚Ä¶,"TomFitton,Twitter",,
7936,"RT @mrmarksteel: Let's try to do this in one Twitter - a) parts of the left have, to varying degrees, been anti-Semitic b) Corbyn's opponen‚Ä¶",mrmarksteel,,
7955,"RT @soba2018global: ‚Äª 'Quote Retweet' EVENT CLOSED! Wait for the next event, Thank you!
‚Äª ‚Äú‰∫∫Ê∞îÊäïÁ•®ÊñπÊ≥ïÊµÅÁ®ãÂ∏¶ËØÑËÆ∫ËΩ¨Êé®‚ÄùÊ¥ªÂä®Â∑≤ÁªìÊùüÔºÅËØ∑ÊúüÂæÖ‰∏ã‰∏Ä‰∏™Ê¥ªÂä®ÔºÅ
‚Äª Ïù∏Í∏∞Ìà¨Ìëú Ï∞∏Ïó¨ ÏïàÎÇ¥ ÌÉÄÎûò 'Ïù∏‚Ä¶",soba2018global,,
7977,RT @shannonrwatts: Javier Manjarres recently tweeted at the father of a Parkland victim: ‚Äú...stop exploiting her death in the name of some‚Ä¶,shannonrwatts,,
8089,RT @IngrahamAngle: Why has @jack not taken this tweet down and suspended the account? https://t.co/NgVQLMEjDE,"IngrahamAngle,jack",https://t.co/NgVQLMEjDE,
8106,"Oh, the joy this will bring to Twitter! I cannot wait. https://t.co/TF6SDMhU4A",,https://t.co/TF6SDMhU4A,
8107,RT @funder: Whatever you do today don‚Äôt retweet this video of Paul Manafort saying he‚Äôs known @realDonaldTrump since the 80‚Äôs. It ruins his‚Ä¶,"funder,realDonaldTrump",,
8151,"RT @historyinflicks: Every centrist lib side by side tweet:

- greenwald screenshot
- unrelated screenshot
- 3 RTs, 15 likes
- 10 people al‚Ä¶",historyinflicks,,
8171,"Huh, no clue why but for ages now I keep finding a lot of the retweets and liked posts I come across without anythi‚Ä¶ https://t.co/gomBAzw85h",,https://t.co/gomBAzw85h,
8235,RT @MarkDice: Conservatives need to be more active on Twitter.  Don't just read.  Reply.  Fill fake news outlet's threads with facts.  Expo‚Ä¶,MarkDice,,
8270,"RT @Chimyxploit: @DavidRapstar @FunnyAfrica By the time you finish, the davido in you will disappear and you are back on twitter üòÅüòÅ https:/‚Ä¶","Chimyxploit,DavidRapstar,FunnyAfrica",,
8322,@mrsmcluresclass thank you for the retweet.,mrsmcluresclass,,
8339,"RT @Amy_Siskind: While Trump tweets ‚ÄúCollusion is not a crime,‚Äù the first of two trials for his former 2016 campaign manager gets underway‚Ä¶",Amy_Siskind,,
8420,"@Fem_Thursday aay, and they're both suspended now. Good. Maybe twitter is finally recognizing the t-slur as hateful‚Ä¶ https://t.co/PWXD9kxtgS",Fem_Thursday,https://t.co/PWXD9kxtgS,
8483,"RT @urockthedesign: RT demsocusa: Joining the party and promoting progressives #FBRparty.

Please:  
1 Like 
2 Retweet or Reply
3 Follow‚Ä¶",urockthedesign,,FBRparty
8504,"RT @AmyKremer: President Trump tweeted yesterday that the Press is the #EnemyofThePeople. Do you agree? If so, why?

Pls vote and RT.",AmyKremer,,EnemyofThePeople
8584,"RT @DiskiBattles: 4‚É£ until the start of the 2018-19 #AbsaPrem season!    

Will #OrlandoPirates win the @OfficialPSL title?

RETWEET - ‚úÖ
LI‚Ä¶","DiskiBattles,OfficialPSL",,"AbsaPrem,OrlandoPirates"
8598,"RT @_frktl: ‚Äútwitter, soundcloud, snapchat, and other social media platforms are populated with the frenzied productions of young minds rea‚Ä¶",_frktl,,
8659,"Thanks for the RTs @TheDuncanDuo, @ChilternsLtd, @hillresidential, @wealth_purpose. Glad you like our tweets.","TheDuncanDuo,ChilternsLtd,hillresidential,wealth_purpose",,
8674,The whole day mengadap twitter,,,
8681,"RT @RockTheseTweets: #OnThisDay in 1982, Survivor's classic ""Eye Of The Tiger"" was in the 2nd week of a 6 week run at #1 on the Billboard H‚Ä¶",RockTheseTweets,,OnThisDay
8696,"RT @fred_guttenberg: Wow, look who tweeted after my interview.   Mr. President, last week your Secretary of State said the same thing, he w‚Ä¶",fred_guttenberg,,
8710,"RT @Deji_Blissfield: Sometimes, you open replies of a tweet, the popular opinion on the reply changes your initial opinion, now you have to‚Ä¶",Deji_Blissfield,,
8751,Stop retweeting this marvel is gonna hear me and do the opposite out of spite cause they dumb as hell,,,
8782,"RT @mmpadellan: This assclown has tweeted the word ""collusion"" 94 times.

It's long past time to kick him off the Collusion merry-go-round‚Ä¶",mmpadellan,,
8847,"RT @_ImperatorRex_: It's obvious that @twitter has throttled my account.

Especially since I exposed the hypocrisy of their NewSpeak projec‚Ä¶","_ImperatorRex_,Twitter",,
8849,"RT @jsmhpt: Normal Jsls will read the update right away.

While me...

I'll read tweets first before reading. Lol sorry. I find it exciting‚Ä¶",jsmhpt,,
8887,RT @LauraLoomer: Rebekah Tromble is the woman who was just hired by @jack to be in charge of Twitter‚Äôs 'task force' on 'uncivil discourse'.‚Ä¶,"LauraLoomer,jack",,
8898,"RT @dabhyuns: Eyyyy i'm looking for #PRODUCE48 mutuals so retweet this if you support
&gt;heo yoonjin/huh yunjin
&gt;jang wonyoung
&gt;lee kaeun
&gt;na‚Ä¶",dabhyuns,,PRODUCE48
8908,"RT @_ImperatorRex_: 12. Impressive.

But dig a little deeper &amp; what do you find? Why, the 2 founders are BOTH ex-twitter senior managers. T‚Ä¶",_ImperatorRex_,,
8909,"RT @AmyKremer: President Trump tweeted yesterday that the Press is the #EnemyofThePeople. Do you agree? If so, why?

Pls vote and RT.",AmyKremer,,EnemyofThePeople
9082,RT @regionalatbaes1: Jon bellion is one of the most underrated musicians in the music industry send tweet,regionalatbaes1,,
9158,"RT @SF9NATION: [TRANS] @SF9_FANCLUB Twitter Update:

[üì∏] SF9 successfully lighting the fire in FANTASY heart todayüî• Thank you for starting‚Ä¶","SF9NATION,SF9_FANCLUB",,
9160,also twitter needs to tell me what your friends are doing and i do not want to know your friends or what they are d‚Ä¶ https://t.co/aEjOKhmbiP,,https://t.co/aEjOKhmbiP,
9207,RT @AaronBlake: Journalists dunking on authoritarian regimes is the best Twitter https://t.co/z4TgQI6ftT,AaronBlake,https://t.co/z4TgQI6ftT,
9355,RT @MCU_Tweets: A portion of the AVENGERS: INFINITY WAR blooper reel has released and it's sure to put a smile on your face: https://t.co/3‚Ä¶,MCU_Tweets,,
9396,wtf i was scrolling my timeline when twitter suddenly brought me back to the top?,,,
9451,"RT @jessnevins: So--incoming tweetstorm from me on leftist cowboy dime novels of the 1870s. If that doesn't interest you, you might want to‚Ä¶",jessnevins,,
9456,"RT @Omojuwa: Before you join some arguments on Twitter, you gotta reflect. Who are the people involved? What is their frame of reference? I‚Ä¶",Omojuwa,,
9711,"@tweetMOPOL Bro I would tell you the simple truth, this life is not fair to make it you must be ""wicked""",tweetMOPOL,,
9735,RT @IngrahamAngle: Why has @jack not taken this tweet down and suspended the account? https://t.co/NgVQLMEjDE,"IngrahamAngle,jack",https://t.co/NgVQLMEjDE,
9744,"RT @taegislut_: filo armys;

with every rt of this tweet, i will donate 1 peso to someone‚Äôs concert fund

i will leave this tweet up until‚Ä¶",taegislut_,,
9753,"RT @hello_and_hello: üíñGood nightüíñ‚ú®Everyone in the Twitter world‚ú®üéáüåéüåçüåè
             „ÄÄ„ÄÄ„ÄÄ„ÄÄ„ÄÄ„ÄÄ„ÄÄ„ÄÄ„ÄÄ„ÄÄüê±Thank you!üêæI am so grateful!üêæüíûüíûüíû‚Ä¶",hello_and_hello,,
9801,"RT @brick_lisa: @SteveBurleson18 @jaketapper Nope, a constant negative tweet to counter Trumps positive tweets.  The analysis of this is in‚Ä¶","brick_lisa,SteveBurleson18,jaketapper",,
9810,Now Kaya Blocked me on twitter so they must have seen my posts but still refusing to pay out my funds my scam broke‚Ä¶ https://t.co/6T9UodF9NU,,https://t.co/6T9UodF9NU,
9829,i hate how everything that i want to tweet perfectly fits with jaemin's meme face like im so tired of shaming him b‚Ä¶ https://t.co/2vw7EpXUFW,,https://t.co/2vw7EpXUFW,
9835,"Retweeted The USA Singers (@TheUSASingers):

The despicable @GOP represents the absolute worst of America.  

- Gre‚Ä¶ https://t.co/l1IXZebkK6","TheUSASingers,GOP",https://t.co/l1IXZebkK6,
9970,"RT @fiorina1611: @B52Malmet @joncoopertweets The us govt is drugging other people's children. Prying their mouths open at times.

Think abo‚Ä¶","fiorina1611,B52Malmet,joncoopertweets",,
9998,"RT @AlwaysActions: #Retweet: if you agree: that
Barack Hussein Obama was
the most üö®üö® Un-American
#President the United States
Of America ha‚Ä¶",AlwaysActions,,"Retweet,President"
10126,The new one that twitter helps to refresh your mention is just rubbish,,,
10205,RT @RolandS13014285: @0Calamity Welcome to Scotland‚Äôs world where unionists have been doing this for years now. The tweets of Facebook post‚Ä¶,"RolandS13014285,0Calamity",,
10228,"RT @geeportogallox: !!! RETWEET to help a girl !!! Everyone always asks me if I know Clothing stores, best places for bikinis &amp; Shades, and‚Ä¶",geeportogallox,,
10275,@inihelene I don't see how locking that person's account is actually the way to go either. Sounds like Twitter just‚Ä¶ https://t.co/QcX4P7ibpc,inihelene,https://t.co/QcX4P7ibpc,
10311,"RT @RealJamesWoods: If there were a competing social media platform as big as @Twitter, that had no ‚Äúbias algorithms,‚Äù I firmly believe tha‚Ä¶","RealJamesWoods,Twitter",,
10328,"RT @taegislut_: filo armys;

with every rt of this tweet, i will donate 1 peso to someone‚Äôs concert fund

i will leave this tweet up until‚Ä¶",taegislut_,,
10354,RT @7reasons1k: Today starts the end of the big boy talk on twitter....... Its not 7v7 anymore ü§∑üèΩ‚Äç‚ôÇÔ∏è,7reasons1k,,
10422,"RT @MichelleRempel: Per my last tweet, this article. ‚Äú...Trump also said that the U.S. is making solid progress in talks with Mexico, but h‚Ä¶",MichelleRempel,,
10535,RT @sean_spicier: All these liberals tweeting support of the Koch Bros today should be sweet to watch,sean_spicier,,
10563,RT @LauraLoomer: Rebekah Tromble is the woman who was just hired by @jack to be in charge of Twitter‚Äôs 'task force' on 'uncivil discourse'.‚Ä¶,"LauraLoomer,jack",,
10760,"RT @MayWardJedi: I tweeted this last month before all the craziness started. 

So far, three of these claims has came true and it‚Äôs giving‚Ä¶",MayWardJedi,,
10828,"RT @TrendsOfNigeria: Missing Original NYSC certificate found by @teebol

Please Retweet till the owner sees this tweet . Thanks https://t.c‚Ä¶","TrendsOfNigeria,teebol",,
10857,"I'm so upset I dropped the word ""can"" when drafting this dumb tweet",,,
10932,RT @sean_spicier: All these liberals tweeting support of the Koch Bros today should be sweet to watch,sean_spicier,,
10945,"RT @xchaereign: CL DESERVES BETTER. THAT'S IT. THAT'S THE TWEET.
#Ïî®ÏóòÏóêÍ≤åÍ≥µÌèâÌï®ÏùÑ",xchaereign,,Ïî®ÏóòÏóêÍ≤åÍ≥µÌèâÌï®ÏùÑ
